name,aliasname,started,ended,desc
IT项目1,项目1,2022-03-01,2022-12-01,描述信息
IT项目2,项目2,2022-03-02,2022-12-02,描述信息
IT项目3,项目3,2022-03-03,2022-12-03,描述信息
IT项目4,项目4,2022-03-04,2022-12-04,描述信息
IT项目5,项目5,2022-03-05,2022-12-05,描述信息
IT项目6,项目6,2022-03-06,2022-12-06,描述信息
IT项目7,项目7,2022-03-07,2022-12-07,描述信息
IT项目8,项目8,2022-03-08,2022-12-08,描述信息
IT项目9,项目9,2022-03-09,2022-12-09,描述信息
IT项目10,项目10,2022-03-10,2022-12-10,描述信息
IT项目11,项目11,2022-03-11,2022-12-11,描述信息
IT项目12,项目12,2022-03-12,2022-12-12,描述信息
IT项目13,项目13,2022-03-13,2022-12-13,描述信息
IT项目14,项目14,2022-03-14,2022-12-14,描述信息
IT项目15,项目15,2022-03-15,2022-12-15,描述信息
IT项目16,项目16,2022-03-16,2022-12-16,描述信息
IT项目17,项目17,2022-03-17,2022-12-17,描述信息
IT项目18,项目18,2022-03-18,2022-12-18,描述信息
IT项目19,项目19,2022-03-19,2022-12-19,描述信息
IT项目20,项目20,2022-03-20,2022-12-20,描述信息
IT项目21,项目21,2022-03-21,2022-12-21,描述信息
IT项目22,项目22,2022-03-22,2022-12-22,描述信息
IT项目23,项目23,2022-03-23,2022-12-23,描述信息
IT项目24,项目24,2022-03-24,2022-12-24,描述信息
IT项目25,项目25,2022-03-25,2022-12-25,描述信息
IT项目26,项目26,2022-03-26,2022-12-26,描述信息
IT项目27,项目27,2022-03-27,2022-12-27,描述信息
IT项目28,项目28,2022-03-28,2022-12-28,描述信息
IT项目29,项目29,2022-03-29,2022-12-29,描述信息
